{
    "buy": {
        "": 342615.6032730685,
        "!!": 1587423.4592468422,
        "??": 292363.371344966,
        "A1": 6902.19770955,
        "A2": 9.60606461,
        "AD": 2088.2022515,
        "AE": 9995.473584930121,
        "AF": 105.40699776999999,
        "AL": 72.29174800000001,
        "AM": 6.936214639999999,
        "AN": 9355.587373830036,
        "AO": 2.0427,
        "AR": 74842.72011591999,
        "AT": 102596.45258985797,
        "AU": 643456.6945924847,
        "AW": 78.47174254,
        "AX": 6.6010143999999995,
        "AZ": 123.40316387999998,
        "BA": 614.7235270900004,
        "BB": 32.89094505,
        "BD": 12.660252209999996,
        "BE": 92806.47094257099,
        "BG": 47142.09395266968,
        "BH": 181.00307191999997,
        "BJ": 100.0,
        "BM": 129.48952791000002,
        "BN": 128.55329738999998,
        "BO": 340.02500350999975,
        "BR": 63028.2688929709,
        "BS": 865.2536386700002,
        "BY": 42895.727964449965,
        "BZ": 39.12555197000001,
        "CA": 366260.9486372421,
        "CH": 129349.54085686526,
        "CL": 5444.034658930031,
        "CM": 1061.6611608699998,
        "CN": 764450.3881889089,
        "CO": 7409.023091190058,
        "CR": 13337.01099438003,
        "CY": 4227.885422440002,
        "CZ": 87572.01605834361,
        "DE": 1138684.1322172014,
        "DK": 31028.451973389117,
        "DM": 14.671596920000002,
        "DO": 20.83525131,
        "DZ": 112.42791023999999,
        "EC": 3040.2937049499974,
        "EE": 9904.952847380097,
        "EG": 847.9303607400005,
        "ES": 242792.85024184865,
        "ET": 0.0,
        "EU": 3242.4636559700007,
        "FI": 131241.42706037845,
        "FJ": 0.88605745,
        "FO": 0.7959999999999998,
        "FR": 404441.1103108574,
        "GB": 909256.5674833618,
        "GE": 40.42744812999989,
        "GG": 1964.666103489998,
        "GH": 7.4216948899999995,
        "GI": 176.95756166,
        "GL": 120.0,
        "GR": 39694.99059248955,
        "GT": 118.01091022000001,
        "GU": 17.1002,
        "GY": 165.24707218000006,
        "HK": 77588.07809236932,
        "HN": 0.6748733299999999,
        "HR": 19963.111403889758,
        "HU": 19614.951919459832,
        "ID": 6560.931455260024,
        "IE": 64415.69630929029,
        "IL": 140423.1616810479,
        "IM": 11458.506730280571,
        "IN": 25668.268135639308,
        "IQ": 1.13207547,
        "IR": 37.306316929999994,
        "IS": 1209.2128141499977,
        "IT": 114843.55394716043,
        "JE": 5715.882225230003,
        "JM": 360.55492623000004,
        "JO": 1062.7323064599993,
        "JP": 547620.331783407,
        "KE": 777.98904554,
        "KG": 1086.5357337500004,
        "KH": 3941.52354509,
        "KN": 194.31416203999999,
        "KR": 26107.720174779744,
        "KW": 496.63790733999974,
        "KY": 90.11980596999999,
        "KZ": 16259.175172130064,
        "LA": 2.2867417899999998,
        "LB": 323.51427381000025,
        "LC": 1660.3631099299992,
        "LI": 187.72110063000002,
        "LK": 654.66044635,
        "LT": 10887.182663340096,
        "LU": 3860.3401358900064,
        "LV": 8707.896295580063,
        "LY": 4.431429579999998,
        "MA": 1553.308866269999,
        "MC": 1.8025000000000002,
        "MD": 1430.2936184599955,
        "ME": 1140.1195442599994,
        "MG": 388.13526708999984,
        "MK": 385.43456940000016,
        "MN": 240.83856114999975,
        "MO": 6010.58087248003,
        "MS": 1.4994,
        "MT": 8831.259866810056,
        "MU": 40170.24575760007,
        "MV": 17.611280209999997,
        "MX": 8062.643567790086,
        "MY": 9733.076444740085,
        "NA": 5.1370572800000005,
        "NC": 343.10357434000014,
        "NG": 14.838084109999999,
        "NI": 471.4790044200011,
        "NL": 493654.3740349329,
        "NO": 126545.51341092288,
        "NP": 65.7915850899999,
        "NZ": 32683.393276109033,
        "OM": 16.78919104,
        "PA": 479833.39794057666,
        "PE": 2033.5392565299976,
        "PF": 4689.313081750006,
        "PH": 46781.83178461113,
        "PK": 1513.801930029999,
        "PL": 431909.16629708756,
        "PR": 2064.627409749996,
        "PT": 17105.212193979984,
        "PY": 12.98906334,
        "QA": 425.24794334000006,
        "RE": 419.5375713200002,
        "RO": 54158.10306914061,
        "RS": 22342.81360973965,
        "RU": 548837.485399724,
        "RW": 159.46532998,
        "SA": 15351.54453884016,
        "SE": 265446.80521988904,
        "SG": 60348.319916920394,
        "SI": 69340.76283266746,
        "SK": 33399.49004873923,
        "SN": 3.3745,
        "SV": 2.5908622199999995,
        "SY": 3.6416321600000003,
        "SZ": 0.63358706,
        "TG": 0.0,
        "TH": 95402.60358253864,
        "TM": 0.38,
        "TN": 312.79175902000003,
        "TR": 9801.667626360055,
        "TT": 72.70675699999998,
        "TW": 10523.988417990058,
        "TZ": 0.0,
        "UA": 111720.5746593889,
        "UG": 0.4946,
        "US": 4932515.2855096655,
        "UY": 2170.008917899982,
        "UZ": 186.42292722,
        "VC": 10.28,
        "VE": 4604.06276367003,
        "VI": 50.548888389999995,
        "VN": 21522.192327419863,
        "VU": 162.73726858,
        "YE": 0.34308842,
        "ZA": 7134.063650340064,
        "ZM": 0.03988,
        "ZW": 90.97478699000001
    },
    "sell": {
        "": 342853.128582586,
        "!!": 1406374.3777235239,
        "??": 0.0,
        "A1": 13325.86046658001,
        "A2": 9.5831554,
        "AD": 1226.1323809499995,
        "AE": 9511.661732400049,
        "AF": 58.1367,
        "AL": 159.43461992999985,
        "AM": 2.25441465,
        "AN": 10746.683347389986,
        "AO": 7.2251516,
        "AR": 72596.08803288032,
        "AT": 83681.56564793181,
        "AU": 298425.3190366595,
        "AW": 45.168496819999994,
        "AX": 0.0,
        "AZ": 120.46016630999999,
        "BA": 1857.7521202699988,
        "BB": 23.45556792000001,
        "BD": 37.296503939999994,
        "BE": 80225.56323280145,
        "BG": 56689.104002580025,
        "BH": 167.17812305999996,
        "BJ": 459.52955626,
        "BM": 121.27347198000001,
        "BN": 210.18931283999993,
        "BO": 415.76979264000033,
        "BR": 68545.88802610044,
        "BS": 1320.1091793700004,
        "BY": 47115.243523940124,
        "BZ": 37.64894830000001,
        "CA": 397237.64660628204,
        "CH": 101800.97984810006,
        "CL": 6015.779301859998,
        "CM": 7275.258535320016,
        "CN": 729402.5088411667,
        "CO": 5074.5040504700155,
        "CR": 32964.42555071988,
        "CY": 2760.302390080004,
        "CZ": 79771.21339351038,
        "DE": 1105497.5990923948,
        "DK": 25141.919593949726,
        "DM": 12.853035659999998,
        "DO": 21.430524039999998,
        "DZ": 130.10627697,
        "EC": 17171.21968264999,
        "EE": 9156.589804040044,
        "EG": 1015.3279048600001,
        "ES": 205742.63801530015,
        "ET": 0.0027,
        "EU": 2599.769597220001,
        "FI": 115356.45247725873,
        "FJ": 0.0,
        "FO": 0.0237,
        "FR": 361554.745416711,
        "GB": 678615.4137442844,
        "GE": 50.66368501999991,
        "GG": 3.9922074199999997,
        "GH": 25.491248149999993,
        "GI": 53.243539320000025,
        "GL": 109.368,
        "GR": 27363.869630649537,
        "GT": 3.675,
        "GU": 77.13159439,
        "GY": 249.22899503999997,
        "HK": 2607224.973444259,
        "HN": 0.76724792,
        "HR": 15993.77961263009,
        "HU": 22008.7343821799,
        "ID": 8494.37636830017,
        "IE": 42877.736618279036,
        "IL": 111760.07338773798,
        "IM": 9388.59154744073,
        "IN": 26785.43660022927,
        "IQ": 35.92256355,
        "IR": 40.544666379999995,
        "IS": 1362.5011913899975,
        "IT": 103200.24983340096,
        "JE": 5365.754296450002,
        "JM": 418.9916031499999,
        "JO": 1083.6865744999993,